profile_id,Full Name,email_id,phone,city,house_id,house_type,bhk_type,furnishing_type,reff_count
1,anusha pariti,anusha.pariti@gmail.com,8105987404,Bangalore,5,Independent,4 BHK,fully-furnished,0
4,Garima yadav,garima0191@gmail.com,81059237004,Bangalore,1,Apartment,3 BHK,unfurnished,0
7,Kamal gera,kamal0094@gmail.com,8105987404,Bangalore,6,Apartment,3 BHK,semifurnished,0
8,Tushar kapoor,tushar.kapoor21@gmail.com,8926537154,Pune,7,Apartment,3 BHK,semifurnished,0
11,Deepa sudhakar,sudhakar.deepa@gmail.com,7896785432,Pune,19,Independent,3 BHK,fully-furnished,0
14,Manisha Yadav,maniyadav88@gmail.com,9867845182,Delhi,18,Independent,2 BHK,fully-furnished,0
15,Shivani godha,shivani_go@nid.edu,9878673428,Delhi,13,Independent,2 BHK,unfurnished,0
16,Rajan pandey,raajanpandey@gmail.com,8987647811,delhi,17,Independent,3 BHK,fully-furnished,0
17,Roosena manuel,roseenasimimanuel@gmail.com,9875623345,Delhi,14,Apartment,3 BHK,fully-furnished,0
18,Prabhjot gill,prabhjotgill09@gmail.com,9800786688,Delhi,16,Apartment,3 BHK,fully-furnished,0
19,Ankita sharma,ankita.anku96@gmail.com,9988789656,Delhi,20,Independent,1 BHK,unfurnished,0
