Full Name,email_id,phone,house_id,move_in_date,move_out_date,rent,latest_employer,occupational_category,total number of referrals made,city
Bhaskar maheshwari,bhaskar.mah@gmail.com,9801834992,4,28-10-2015,28-11-2016,12000,Technicolor,Working,1,Bangalore
Mitali gupta,mitali.gupta80@gmail.com,8796751238,12,25-02-2015,NULL,12000,SAP Labs India,Working,2,Pune
Ashish Singh,ashish.singh@gmail.com,9876890463,2,05-06-2015,NULL,11000,hindustan unilever,Working,2,Bangalore
Umang parejiya,uparejiya@gmail.com,7896543674,15,24-02-2015,NULL,11000,Centurylink India,Working,1,Pune
Harish sahai,harish294all@gmail.com,9876548763,8,25-12-2015,NULL,10200,Aditya birla,Working,1,Bangalore
Tanvi mann,tanvi.mann1907@gmail.com,9178352769,3,15-05-2015,27-12-2015,9000,GE Healthcare,Working,3,Bangalore
Garima yadav,garima0191@gmail.com,81059237004,1,26-04-2015,NULL,8000,NULL,Student,0,Bangalore
Deepa sudhakar,sudhakar.deepa@gmail.com,7896785432,19,29-08-2015,14-06-2016,8000,NULL,Student,0,Pune
Shivshankar das,sankar.shiva730@gmail.com,9801834992,9,15-10-2015,NULL,7500,NULL,Student,1,Pune
Aditi jain,aditi.jain@sproxil.com,9873123456,10,20-06-2015,NULL,7500,huawei Technologies,Working,1,Pune
anusha pariti,anusha.pariti@gmail.com,8105987404,5,12-02-2015,30-04-2016,7500,Sabre,Working,0,Bangalore
Tushar kapoor,tushar.kapoor21@gmail.com,8926537154,7,10-11-2015,31-12-2016,7200,NULL,Student,0,Pune
Kamal gera,kamal0094@gmail.com,8105987404,6,20-11-2015,NULL,6500,NULL,Student,0,Bangalore
