Full Name,email_id,phone,valid_till,ext_valid_till
Ashish Singh,ashish.singh@gmail.com,9876890463,05-09-2015,05-10-2015
Ashish Singh,ashish.singh@gmail.com,9876890463,12-09-2015,12-10-2015
Tanvi mann,tanvi.mann1907@gmail.com,9178352769,13-02-2016,13-03-2016
Tanvi mann,tanvi.mann1907@gmail.com,9178352769,18-04-2016,18-05-2016
Tanvi mann,tanvi.mann1907@gmail.com,9178352769,24-06-2016,24-07-2016
Mitali gupta,mitali.gupta80@gmail.com,8796751238,05-10-2015,05-11-2015
Mitali gupta,mitali.gupta80@gmail.com,8796751238,01-04-2016,01-05-2016
Karan Singh,karan.singh@gmail.com,8976665768,05-04-2016,05-05-2016
Karan Singh,karan.singh@gmail.com,8976665768,19-08-2016,19-09-2016
