profile_id,Full Name,phone,move_in_date,move_out_date,timeperiod
17,Roosena manuel,9875623345,10-02-2015,NULL,3326
12,Umang parejiya,7896543674,24-02-2015,NULL,3312
13,Mitali gupta,8796751238,25-02-2015,NULL,3311
15,Shivani godha,9878673428,07-04-2015,NULL,3270
16,Rajan pandey,8987647811,23-04-2015,NULL,3254
4,Garima yadav,81059237004,26-04-2015,NULL,3251
2,Ashish Singh,9876890463,05-06-2015,NULL,3211
10,Aditi jain,9873123456,20-06-2015,NULL,3196
19,Ankita sharma,9988789656,26-09-2015,NULL,3098
20,Karan Singh,8976665768,30-09-2015,NULL,3094
9,Shivshankar das,9801834992,15-10-2015,NULL,3079
7,Kamal gera,8105987404,20-11-2015,NULL,3043
6,Harish sahai,9876548763,25-12-2015,NULL,3008
1,anusha pariti,8105987404,12-02-2015,30-04-2016,443
8,Tushar kapoor,8926537154,10-11-2015,31-12-2016,417
3,Bhaskar maheshwari,9801834992,28-10-2015,28-11-2016,397
14,Manisha Yadav,9867845182,07-01-2016,30-12-2016,358
18,Prabhjot gill,9800786688,16-10-2015,04-09-2016,324
11,Deepa sudhakar,7896785432,29-08-2015,14-06-2016,290
5,Tanvi mann,9178352769,15-05-2015,27-12-2015,226
